GrLivArea,SalePrice
1,1910
2,1910
3,1910
4,1910
5,1910
6,1910
1,1915
2,1915
3,1915
4,1915
5,1915
6,1915
7,1915
8,1915
9,1915
10,1915
11,1915
12,1915
13,1915
14,1915
15,1915
16,1915
17,1915
18,1915
19,1915
20,1915
21,1915
22,1915
23,1915
24,1915
25,1915
1,1916
2,1916
3,1916
4,1916
5,1916
6,1916
7,1916
8,1916
9,1916
10,1916
11,1916
12,1916
13,1916
1,1917
2,1917
3,1917
4,1917
5,1917
6,1917
7,1917
8,1917
9,1917
10,1917
11,1917
12,1917
13,1917
14,1917
15,1917
16,1917
17,1917
18,1917
19,1917
20,1917
21,1917
22,1917
23,1917
24,1917
25,1917
26,1917
1,1918
2,1918
3,1918
4,1918
5,1918
6,1918
7,1918
8,1918
9,1918
10,1918
11,1918
12,1918
13,1918
14,1918
15,1918
16,1918
17,1918
18,1918
19,1918
20,1918
21,1918
22,1918
23,1918
24,1918
25,1918
26,1918
27,1918
28,1918
29,1918
30,1918
31,1918
32,1918
33,1918
34,1918
35,1918
36,1918
1,1919
2,1919
3,1919
4,1919
5,1919
6,1919
7,1919
8,1919
9,1919
10,1919
11,1919
12,1919
13,1919
14,1919
15,1919
16,1919
17,1919
18,1919
19,1919
20,1919
21,1919
22,1919
23,1919
24,1919
25,1919
26,1919
27,1919
28,1919
29,1919
30,1919
31,1919
32,1919
33,1919
34,1919
35,1919
36,1919
37,1919
38,1919
39,1919
40,1919
41,1919
42,1919
43,1919
44,1919
45,1919
46,1919
47,1919
48,1919
49,1919
1,1920
2,1920
3,1920
4,1920
5,1920
6,1920
7,1920
8,1920
9,1920
10,1920
11,1920
12,1920
13,1920
14,1920
15,1920
16,1920
17,1920
18,1920
19,1920
20,1920
21,1920
22,1920
23,1920
24,1920
25,1920
26,1920
27,1920
28,1920
29,1920
30,1920
31,1920
32,1920
1,1921
2,1921
3,1921
4,1921
5,1921
6,1921
7,1921
8,1921
9,1921
10,1921
11,1921
12,1921
13,1921
14,1921
15,1921
16,1921
17,1921
18,1921
19,1921
20,1921
21,1921
22,1921
23,1921
24,1921
25,1921
26,1921
27,1921
28,1921
29,1921
30,1921
31,1921
32,1921
33,1921
34,1921
35,1921
36,1921
37,1921
38,1921
39,1921
40,1921
41,1921
42,1921
43,1921
44,1921
45,1921
46,1921
47,1921
48,1921
49,1921
50,1921
51,1921
52,1921
53,1921
54,1921
55,1921
56,1921
57,1921
58,1921
59,1921
60,1921
61,1921
62,1921
63,1921
64,1921
1,1922
2,1922
3,1922
4,1922
5,1922
6,1922
7,1922
8,1922
9,1922
10,1922
11,1922
12,1922
13,1922
14,1922
15,1922
16,1922
17,1922
18,1922
19,1922
20,1922
21,1922
22,1922
23,1922
24,1922
25,1922
26,1922
27,1922
28,1922
29,1922
30,1922
31,1922
32,1922
33,1922
34,1922
35,1922
36,1922
37,1922
38,1922
39,1922
40,1922
41,1922
42,1922
43,1922
44,1922
45,1922
46,1922
47,1922
48,1922
49,1922
50,1922
51,1922
52,1922
53,1922
54,1922
55,1922
56,1922
57,1922
58,1922
59,1922
60,1922
61,1922
62,1922
63,1922
64,1922
65,1922
66,1922
67,1922
68,1922
69,1922
70,1922
71,1922
72,1922
73,1922
74,1922
75,1922
76,1922
77,1922
78,1922
79,1922
80,1922
81,1922
82,1922
83,1922
84,1922
85,1922
86,1922
87,1922
1,1923
2,1923
3,1923
4,1923
5,1923
6,1923
7,1923
8,1923
9,1923
10,1923
11,1923
12,1923
13,1923
14,1923
15,1923
16,1923
17,1923
18,1923
19,1923
20,1923
21,1923
22,1923
23,1923
24,1923
25,1923
26,1923
27,1923
28,1923
29,1923
30,1923
31,1923
32,1923
33,1923
34,1923
35,1923
36,1923
37,1923
38,1923
39,1923
40,1923
41,1923
42,1923
43,1923
44,1923
45,1923
46,1923
47,1923
48,1923
49,1923
50,1923
51,1923
52,1923
53,1923
54,1923
55,1923
56,1923
57,1923
58,1923
59,1923
60,1923
61,1923
62,1923
63,1923
64,1923
65,1923
66,1923
67,1923
68,1923
69,1923
70,1923
71,1923
72,1923
73,1923
74,1923
75,1923
76,1923
77,1923
78,1923
79,1923
80,1923
81,1923
82,1923
83,1923
84,1923
85,1923
86,1923
87,1923
88,1923
89,1923
90,1923
91,1923
92,1923
93,1923
94,1923
95,1923
96,1923
97,1923
98,1923
99,1923
100,1923
101,1923
1,1924
2,1924
3,1924
4,1924
5,1924
6,1924
7,1924
8,1924
9,1924
10,1924
11,1924
12,1924
13,1924
14,1924
15,1924
16,1924
17,1924
18,1924
19,1924
20,1924
21,1924
22,1924
23,1924
24,1924
25,1924
26,1924
27,1924
28,1924
29,1924
30,1924
31,1924
32,1924
33,1924
34,1924
35,1924
36,1924
37,1924
38,1924
39,1924
40,1924
41,1924
42,1924
43,1924
44,1924
45,1924
46,1924
47,1924
48,1924
49,1924
50,1924
51,1924
52,1924
53,1924
54,1924
55,1924
56,1924
57,1924
58,1924
59,1924
60,1924
61,1924
62,1924
63,1924
64,1924
65,1924
66,1924
67,1924
68,1924
69,1924
70,1924
71,1924
72,1924
73,1924
74,1924
75,1924
76,1924
77,1924
78,1924
79,1924
80,1924
81,1924
82,1924
83,1924
84,1924
85,1924
86,1924
87,1924
88,1924
89,1924
90,1924
91,1924
92,1924
93,1924
94,1924
95,1924
96,1924
97,1924
98,1924
99,1924
100,1924
101,1924
102,1924
103,1924
104,1924
105,1924
106,1924
107,1924
108,1924
109,1924
110,1924
111,1924
112,1924
113,1924
114,1924
115,1924
116,1924
117,1924
118,1924
119,1924
120,1924
121,1924
122,1924
123,1924
124,1924
125,1924
126,1924
127,1924
128,1924
129,1924
130,1924
131,1924
132,1924
133,1924
134,1924
135,1924
136,1924
137,1924
138,1924
139,1924
140,1924
141,1924
142,1924
143,1924
144,1924
145,1924
146,1924
147,1924
148,1924
149,1924
1,1925
2,1925
3,1925
4,1925
5,1925
6,1925
7,1925
8,1925
9,1925
10,1925
11,1925
12,1925
13,1925
14,1925
15,1925
16,1925
17,1925
18,1925
19,1925
20,1925
21,1925
22,1925
23,1925
24,1925
25,1925
26,1925
27,1925
28,1925
29,1925
30,1925
31,1925
32,1925
33,1925
34,1925
35,1925
36,1925
37,1925
38,1925
39,1925
40,1925
41,1925
42,1925
43,1925
44,1925
45,1925
46,1925
47,1925
48,1925
49,1925
50,1925
51,1925
52,1925
53,1925
54,1925
55,1925
56,1925
57,1925
58,1925
59,1925
60,1925
61,1925
62,1925
63,1925
64,1925
65,1925
66,1925
67,1925
68,1925
69,1925
70,1925
71,1925
72,1925
73,1925
74,1925
75,1925
76,1925
77,1925
78,1925
79,1925
80,1925
81,1925
82,1925
83,1925
84,1925
85,1925
86,1925
87,1925
88,1925
89,1925
90,1925
91,1925
92,1925
93,1925
94,1925
95,1925
96,1925
97,1925
98,1925
99,1925
100,1925
101,1925
102,1925
103,1925
104,1925
105,1925
106,1925
107,1925
108,1925
109,1925
110,1925
111,1925
112,1925
113,1925
114,1925
115,1925
116,1925
117,1925
118,1925
119,1925
120,1925
121,1925
122,1925
123,1925
124,1925
125,1925
126,1925
127,1925
128,1925
129,1925
130,1925
131,1925
132,1925
1,1926
2,1926
3,1926
4,1926
5,1926
6,1926
7,1926
8,1926
9,1926
10,1926
11,1926
12,1926
13,1926
14,1926
15,1926
16,1926
17,1926
18,1926
19,1926
20,1926
21,1926
22,1926
23,1926
24,1926
25,1926
26,1926
27,1926
28,1926
29,1926
30,1926
31,1926
32,1926
33,1926
34,1926
35,1926
36,1926
37,1926
38,1926
39,1926
40,1926
41,1926
42,1926
43,1926
44,1926
45,1926
46,1926
47,1926
48,1926
49,1926
50,1926
51,1926
52,1926
53,1926
54,1926
55,1926
56,1926
57,1926
58,1926
59,1926
60,1926
61,1926
62,1926
63,1926
64,1926
65,1926
66,1926
67,1926
68,1926
69,1926
70,1926
71,1926
72,1926
73,1926
74,1926
75,1926
76,1926
77,1926
78,1926
79,1926
80,1926
81,1926
82,1926
83,1926
84,1926
85,1926
86,1926
87,1926
88,1926
89,1926
90,1926
91,1926
92,1926
93,1926
94,1926
95,1926
96,1926
97,1926
98,1926
99,1926
100,1926
101,1926
102,1926
103,1926
104,1926
105,1926
106,1926
107,1926
108,1926
109,1926
110,1926
111,1926
112,1926
113,1926
114,1926
115,1926
116,1926
117,1926
118,1926
119,1926
120,1926
121,1926
122,1926
123,1926
124,1926
125,1926
126,1926
127,1926
128,1926
129,1926
130,1926
131,1926
132,1926
133,1926
134,1926
135,1926
136,1926
137,1926
138,1926
139,1926
140,1926
141,1926
142,1926
143,1926
144,1926
145,1926
146,1926
147,1926
148,1926
149,1926
150,1926
151,1926
152,1926
153,1926
154,1926
155,1926
156,1926
157,1926
158,1926
159,1926
160,1926
161,1926
162,1926
163,1926
164,1926
165,1926
166,1926
167,1926
168,1926
169,1926
170,1926
171,1926
172,1926
173,1926
174,1926
175,1926
176,1926
177,1926
178,1926
179,1926
180,1926
181,1926
182,1926
183,1926
184,1926
185,1926
186,1926
187,1926
188,1926
189,1926
190,1926
191,1926
192,1926
193,1926
194,1926
195,1926
196,1926
197,1926
198,1926
199,1926
200,1926
201,1926
202,1926
203,1926
204,1926
205,1926
206,1926
207,1926
208,1926
209,1926
210,1926
211,1926
212,1926
213,1926
214,1926
215,1926
216,1926
217,1926
218,1926
219,1926
220,1926
221,1926
222,1926
223,1926
224,1926
225,1926
226,1926
227,1926
228,1926
229,1926
230,1926
231,1926
232,1926
233,1926
234,1926
235,1926
236,1926
237,1926
238,1926
239,1926
240,1926
241,1926
242,1926
243,1926
244,1926
245,1926
246,1926
247,1926
248,1926
1,1927
2,1927
3,1927
4,1927
5,1927
6,1927
7,1927
8,1927
9,1927
10,1927
11,1927
12,1927
13,1927
14,1927
15,1927
16,1927
17,1927
18,1927
19,1927
20,1927
21,1927
22,1927
23,1927
24,1927
25,1927
26,1927
27,1927
28,1927
29,1927
30,1927
31,1927
32,1927
33,1927
34,1927
35,1927
36,1927
37,1927
38,1927
39,1927
40,1927
41,1927
42,1927
43,1927
44,1927
45,1927
46,1927
47,1927
48,1927
49,1927
50,1927
51,1927
52,1927
53,1927
54,1927
55,1927
56,1927
57,1927
58,1927
59,1927
60,1927
61,1927
62,1927
63,1927
64,1927
65,1927
66,1927
67,1927
68,1927
69,1927
70,1927
71,1927
72,1927
73,1927
74,1927
75,1927
76,1927
77,1927
78,1927
79,1927
80,1927
81,1927
82,1927
83,1927
84,1927
85,1927
86,1927
87,1927
88,1927
89,1927
90,1927
91,1927
92,1927
93,1927
94,1927
95,1927
96,1927
97,1927
98,1927
99,1927
100,1927
101,1927
102,1927
103,1927
104,1927
105,1927
106,1927
107,1927
108,1927
109,1927
110,1927
111,1927
112,1927
113,1927
114,1927
115,1927
116,1927
117,1927
118,1927
119,1927
120,1927
121,1927
122,1927
123,1927
124,1927
125,1927
126,1927
127,1927
128,1927
129,1927
130,1927
131,1927
132,1927
133,1927
134,1927
135,1927
136,1927
137,1927
138,1927
139,1927
140,1927
141,1927
142,1927
143,1927
144,1927
145,1927
146,1927
147,1927
148,1927
149,1927
150,1927
151,1927
152,1927
153,1927
154,1927
155,1927
156,1927
157,1927
158,1927
159,1927
160,1927
161,1927
162,1927
1,1928
2,1928
3,1928
4,1928
5,1928
6,1928
7,1928
8,1928
9,1928
10,1928
11,1928
12,1928
13,1928
14,1928
15,1928
16,1928
17,1928
18,1928
19,1928
20,1928
21,1928
22,1928
23,1928
24,1928
25,1928
26,1928
27,1928
28,1928
29,1928
30,1928
31,1928
32,1928
33,1928
34,1928
35,1928
36,1928
37,1928
38,1928
39,1928
40,1928
41,1928
42,1928
43,1928
44,1928
45,1928
46,1928
47,1928
48,1928
49,1928
50,1928
51,1928
52,1928
53,1928
54,1928
55,1928
56,1928
57,1928
58,1928
59,1928
60,1928
61,1928
62,1928
63,1928
64,1928
65,1928
66,1928
67,1928
68,1928
69,1928
70,1928
71,1928
72,1928
73,1928
74,1928
75,1928
76,1928
77,1928
78,1928
79,1928
80,1928
81,1928
82,1928
83,1928
84,1928
85,1928
86,1928
87,1928
88,1928
89,1928
90,1928
91,1928
92,1928
93,1928
94,1928
95,1928
96,1928
97,1928
98,1928
99,1928
100,1928
101,1928
102,1928
103,1928
104,1928
105,1928
106,1928
107,1928
108,1928
109,1928
110,1928
111,1928
112,1928
113,1928
114,1928
115,1928
116,1928
117,1928
118,1928
119,1928
120,1928
121,1928
122,1928
123,1928
124,1928
125,1928
126,1928
127,1928
128,1928
129,1928
130,1928
131,1928
132,1928
133,1928
134,1928
135,1928
136,1928
137,1928
138,1928
139,1928
140,1928
141,1928
142,1928
143,1928
144,1928
145,1928
146,1928
147,1928
148,1928
149,1928
150,1928
151,1928
152,1928
153,1928
154,1928
155,1928
156,1928
157,1928
158,1928
159,1928
160,1928
161,1928
162,1928
163,1928
164,1928
165,1928
166,1928
167,1928
168,1928
169,1928
170,1928
171,1928
172,1928
173,1928
174,1928
175,1928
176,1928
177,1928
178,1928
179,1928
180,1928
181,1928
182,1928
183,1928
184,1928
185,1928
186,1928
187,1928
188,1928
189,1928
190,1928
191,1928
192,1928
193,1928
194,1928
195,1928
196,1928
197,1928
198,1928
199,1928
200,1928
201,1928
202,1928
203,1928
204,1928
205,1928
206,1928
207,1928
208,1928
209,1928
210,1928
211,1928
212,1928
213,1928
214,1928
215,1928
216,1928
217,1928
218,1928
219,1928
220,1928
221,1928
222,1928
223,1928
224,1928
225,1928
226,1928
227,1928
228,1928
229,1928
230,1928
231,1928
232,1928
233,1928
234,1928
235,1928
236,1928
237,1928
238,1928
239,1928
240,1928
241,1928
242,1928
1,1929
2,1929
3,1929
4,1929
5,1929
6,1929
7,1929
8,1929
9,1929
10,1929
11,1929
12,1929
13,1929
14,1929
15,1929
16,1929
17,1929
18,1929
19,1929
20,1929
21,1929
22,1929
23,1929
24,1929
25,1929
26,1929
27,1929
28,1929
29,1929
30,1929
31,1929
32,1929
33,1929
34,1929
35,1929
36,1929
37,1929
38,1929
39,1929
40,1929
41,1929
42,1929
43,1929
44,1929
45,1929
46,1929
47,1929
48,1929
49,1929
50,1929
51,1929
52,1929
53,1929
54,1929
55,1929
56,1929
57,1929
58,1929
59,1929
60,1929
61,1929
62,1929
63,1929
64,1929
65,1929
66,1929
67,1929
68,1929
69,1929
70,1929
71,1929
72,1929
73,1929
74,1929
75,1929
76,1929
77,1929
78,1929
79,1929
80,1929
81,1929
82,1929
83,1929
84,1929
85,1929
86,1929
87,1929
88,1929
89,1929
90,1929
91,1929
92,1929
93,1929
94,1929
95,1929
96,1929
97,1929
98,1929
99,1929
100,1929
101,1929
102,1929
103,1929
104,1929
105,1929
106,1929
107,1929
108,1929
109,1929
110,1929
111,1929
112,1929
113,1929
114,1929
115,1929
116,1929
117,1929
118,1929
119,1929
120,1929
121,1929
122,1929
123,1929
124,1929
125,1929
126,1929
127,1929
128,1929
129,1929
130,1929
131,1929
132,1929
133,1929
134,1929
135,1929
136,1929
137,1929
138,1929
139,1929
140,1929
141,1929
142,1929
143,1929
144,1929
145,1929
146,1929
147,1929
148,1929
149,1929
150,1929
151,1929
152,1929
153,1929
154,1929
155,1929
156,1929
157,1929
158,1929
159,1929
160,1929
161,1929
162,1929
163,1929
164,1929
165,1929
166,1929
167,1929
168,1929
169,1929
170,1929
171,1929
172,1929
173,1929
174,1929
175,1929
176,1929
177,1929
178,1929
179,1929
180,1929
181,1929
182,1929
183,1929
184,1929
185,1929
186,1929
187,1929
188,1929
189,1929
190,1929
191,1929
192,1929
193,1929
194,1929
195,1929
196,1929
197,1929
198,1929
199,1929
200,1929
201,1929
202,1929
203,1929
204,1929
205,1929
206,1929
207,1929
208,1929
209,1929
210,1929
211,1929
1,1930
2,1930
3,1930
4,1930
5,1930
6,1930
7,1930
8,1930
9,1930
10,1930
11,1930
12,1930
13,1930
14,1930
15,1930
16,1930
17,1930
18,1930
19,1930
20,1930
21,1930
22,1930
23,1930
24,1930
25,1930
26,1930
27,1930
28,1930
29,1930
30,1930
31,1930
32,1930
33,1930
34,1930
35,1930
36,1930
37,1930
38,1930
39,1930
40,1930
41,1930
42,1930
43,1930
44,1930
45,1930
46,1930
47,1930
48,1930
49,1930
50,1930
51,1930
52,1930
53,1930
54,1930
55,1930
56,1930
57,1930
58,1930
59,1930
60,1930
61,1930
62,1930
63,1930
64,1930
65,1930
66,1930
67,1930
68,1930
69,1930
70,1930
71,1930
72,1930
73,1930
74,1930
75,1930
76,1930
77,1930
78,1930
79,1930
80,1930
81,1930
82,1930
83,1930
84,1930
85,1930
86,1930
87,1930
88,1930
89,1930
90,1930
91,1930
92,1930
93,1930
94,1930
95,1930
96,1930
97,1930
98,1930
99,1930
100,1930
101,1930
102,1930
103,1930
104,1930
105,1930
106,1930
107,1930
108,1930
109,1930
110,1930
111,1930
112,1930
113,1930
114,1930
115,1930
116,1930
117,1930
118,1930
119,1930
120,1930
121,1930
122,1930
123,1930
124,1930
125,1930
126,1930
127,1930
128,1930
129,1930
130,1930
131,1930
132,1930
133,1930
134,1930
135,1930
136,1930
137,1930
138,1930
139,1930
140,1930
141,1930
142,1930
143,1930
144,1930
145,1930
146,1930
147,1930
148,1930
149,1930
150,1930
151,1930
152,1930
153,1930
154,1930
155,1930
156,1930
157,1930
158,1930
159,1930
160,1930
161,1930
162,1930
163,1930
164,1930
165,1930
166,1930
167,1930
168,1930
169,1930
170,1930
171,1930
172,1930
173,1930
174,1930
175,1930
176,1930
177,1930
178,1930
179,1930
180,1930
181,1930
182,1930
183,1930
184,1930
185,1930
186,1930
187,1930
188,1930
189,1930
190,1930
191,1930
192,1930
193,1930
194,1930
195,1930
196,1930
197,1930
198,1930
199,1930
1,1931
2,1931
3,1931
4,1931
5,1931
6,1931
7,1931
8,1931
9,1931
10,1931
11,1931
12,1931
13,1931
14,1931
15,1931
16,1931
17,1931
18,1931
19,1931
20,1931
21,1931
22,1931
23,1931
24,1931
25,1931
26,1931
27,1931
28,1931
29,1931
30,1931
31,1931
32,1931
33,1931
34,1931
35,1931
36,1931
37,1931
38,1931
39,1931
40,1931
41,1931
42,1931
43,1931
44,1931
45,1931
46,1931
47,1931
48,1931
49,1931
50,1931
51,1931
52,1931
53,1931
54,1931
55,1931
56,1931
57,1931
58,1931
59,1931
60,1931
61,1931
62,1931
63,1931
64,1931
65,1931
66,1931
67,1931
68,1931
69,1931
70,1931
71,1931
72,1931
73,1931
74,1931
75,1931
76,1931
77,1931
78,1931
79,1931
80,1931
81,1931
82,1931
83,1931
84,1931
85,1931
86,1931
87,1931
88,1931
89,1931
90,1931
91,1931
92,1931
93,1931
94,1931
95,1931
96,1931
97,1931
98,1931
99,1931
100,1931
101,1931
102,1931
103,1931
104,1931
105,1931
106,1931
107,1931
108,1931
109,1931
110,1931
111,1931
112,1931
113,1931
114,1931
115,1931
116,1931
117,1931
118,1931
119,1931
120,1931
121,1931
122,1931
123,1931
124,1931
125,1931
126,1931
127,1931
128,1931
129,1931
130,1931
131,1931
132,1931
133,1931
134,1931
135,1931
136,1931
137,1931
138,1931
139,1931
140,1931
141,1931
142,1931
143,1931
144,1931
145,1931
146,1931
147,1931
148,1931
149,1931
150,1931
151,1931
152,1931
153,1931
154,1931
155,1931
156,1931
157,1931
158,1931
159,1931
160,1931
161,1931
162,1931
163,1931
164,1931
165,1931
166,1931
167,1931
168,1931
169,1931
170,1931
171,1931
172,1931
173,1931
174,1931
175,1931
176,1931
177,1931
178,1931
179,1931
180,1931
181,1931
182,1931
183,1931
184,1931
185,1931
186,1931
187,1931
188,1931
189,1931
190,1931
191,1931
192,1931
193,1931
194,1931
195,1931
196,1931
197,1931
198,1931
199,1931
200,1931
201,1931
202,1931
203,1931
204,1931
205,1931
206,1931
207,1931
208,1931
209,1931
210,1931
211,1931
212,1931
213,1931
214,1931
215,1931
216,1931
217,1931
218,1931
219,1931
220,1931
221,1931
222,1931
223,1931
224,1931
225,1931
226,1931
227,1931
228,1931
229,1931
230,1931
231,1931
232,1931
233,1931
234,1931
235,1931
236,1931
237,1931
238,1931
239,1931
240,1931
241,1931
242,1931
243,1931
244,1931
245,1931
246,1931
247,1931
248,1931
249,1931
250,1931
251,1931
252,1931
253,1931
254,1931
255,1931
256,1931
257,1931
258,1931
259,1931
260,1931
261,1931
1,1932
2,1932
3,1932
4,1932
5,1932
6,1932
7,1932
8,1932
9,1932
10,1932
11,1932
12,1932
13,1932
14,1932
15,1932
16,1932
17,1932
18,1932
19,1932
20,1932
21,1932
22,1932
23,1932
24,1932
25,1932
26,1932
27,1932
28,1932
29,1932
30,1932
31,1932
32,1932
33,1932
34,1932
35,1932
36,1932
37,1932
38,1932
39,1932
40,1932
41,1932
42,1932
43,1932
44,1932
45,1932
46,1932
47,1932
48,1932
49,1932
50,1932
51,1932
52,1932
53,1932
54,1932
55,1932
56,1932
57,1932
58,1932
59,1932
60,1932
61,1932
62,1932
63,1932
64,1932
65,1932
66,1932
67,1932
68,1932
69,1932
70,1932
71,1932
72,1932
73,1932
74,1932
75,1932
76,1932
77,1932
78,1932
79,1932
80,1932
81,1932
82,1932
83,1932
84,1932
85,1932
86,1932
87,1932
88,1932
89,1932
90,1932
91,1932
92,1932
93,1932
94,1932
95,1932
96,1932
97,1932
98,1932
99,1932
100,1932
101,1932
102,1932
103,1932
104,1932
105,1932
106,1932
107,1932
108,1932
109,1932
110,1932
111,1932
112,1932
113,1932
114,1932
115,1932
116,1932
117,1932
118,1932
119,1932
120,1932
121,1932
122,1932
123,1932
124,1932
125,1932
126,1932
127,1932
128,1932
129,1932
130,1932
131,1932
132,1932
133,1932
134,1932
135,1932
136,1932
137,1932
138,1932
139,1932
140,1932
141,1932
142,1932
143,1932
144,1932
145,1932
146,1932
147,1932
148,1932
149,1932
150,1932
151,1932
152,1932
153,1932
154,1932
155,1932
156,1932
157,1932
158,1932
159,1932
160,1932
161,1932
162,1932
163,1932
164,1932
165,1932
166,1932
167,1932
168,1932
169,1932
170,1932
171,1932
172,1932
173,1932
174,1932
175,1932
176,1932
177,1932
178,1932
179,1932
180,1932
181,1932
182,1932
183,1932
184,1932
185,1932
186,1932
187,1932
188,1932
189,1932
190,1932
191,1932
192,1932
193,1932
194,1932
195,1932
196,1932
197,1932
198,1932
199,1932
200,1932
201,1932
202,1932
203,1932
204,1932
205,1932
206,1932
207,1932
208,1932
209,1932
210,1932
211,1932
212,1932
213,1932
214,1932
215,1932
216,1932
217,1932
218,1932
1,1933
2,1933
3,1933
4,1933
5,1933
6,1933
7,1933
8,1933
9,1933
10,1933
11,1933
12,1933
13,1933
14,1933
15,1933
16,1933
17,1933
18,1933
19,1933
20,1933
21,1933
22,1933
23,1933
24,1933
25,1933
26,1933
27,1933
28,1933
29,1933
30,1933
31,1933
32,1933
33,1933
34,1933
35,1933
36,1933
37,1933
38,1933
39,1933
40,1933
41,1933
42,1933
43,1933
44,1933
45,1933
46,1933
47,1933
48,1933
49,1933
50,1933
51,1933
52,1933
53,1933
54,1933
55,1933
56,1933
57,1933
58,1933
59,1933
60,1933
61,1933
62,1933
63,1933
64,1933
65,1933
66,1933
67,1933
68,1933
69,1933
70,1933
71,1933
72,1933
73,1933
74,1933
75,1933
76,1933
77,1933
78,1933
79,1933
80,1933
81,1933
82,1933
83,1933
84,1933
85,1933
86,1933
87,1933
88,1933
89,1933
90,1933
91,1933
92,1933
93,1933
94,1933
95,1933
96,1933
97,1933
98,1933
99,1933
100,1933
101,1933
102,1933
103,1933
104,1933
105,1933
106,1933
107,1933
108,1933
109,1933
110,1933
111,1933
112,1933
113,1933
114,1933
115,1933
116,1933
117,1933
118,1933
119,1933
120,1933
121,1933
122,1933
123,1933
124,1933
125,1933
126,1933
127,1933
128,1933
129,1933
130,1933
131,1933
132,1933
133,1933
134,1933
135,1933
136,1933
137,1933
138,1933
139,1933
140,1933
141,1933
142,1933
143,1933
144,1933
145,1933
146,1933
147,1933
148,1933
149,1933
150,1933
151,1933
152,1933
153,1933
154,1933
155,1933
156,1933
157,1933
158,1933
159,1933
160,1933
161,1933
162,1933
163,1933
164,1933
165,1933
166,1933
167,1933
168,1933
169,1933
170,1933
171,1933
172,1933
173,1933
174,1933
175,1933
176,1933
177,1933
178,1933
179,1933
180,1933
181,1933
182,1933
183,1933
184,1933
185,1933
186,1933
187,1933
188,1933
189,1933
190,1933
191,1933
192,1933
193,1933
194,1933
195,1933
196,1933
197,1933
198,1933
199,1933
200,1933
201,1933
202,1933
203,1933
204,1933
205,1933
206,1933
207,1933
208,1933
209,1933
210,1933
211,1933
212,1933
213,1933
214,1933
215,1933
216,1933
217,1933
218,1933
219,1933
220,1933
221,1933
222,1933
223,1933
224,1933
225,1933
226,1933
227,1933
228,1933
229,1933
230,1933
231,1933
232,1933
233,1933
234,1933
235,1933
236,1933
237,1933
238,1933
239,1933
240,1933
241,1933
242,1933
243,1933
244,1933
245,1933
246,1933
247,1933
248,1933
249,1933
250,1933
251,1933
252,1933
253,1933
254,1933
255,1933
256,1933
257,1933
258,1933
259,1933
260,1933
261,1933
262,1933
263,1933
264,1933
265,1933
266,1933
1,1934
2,1934
3,1934
4,1934
5,1934
6,1934
7,1934
8,1934
9,1934
10,1934
11,1934
12,1934
13,1934
14,1934
15,1934
16,1934
17,1934
18,1934
19,1934
20,1934
21,1934
22,1934
23,1934
24,1934
25,1934
26,1934
27,1934
28,1934
29,1934
30,1934
31,1934
32,1934
33,1934
34,1934
35,1934
36,1934
37,1934
38,1934
39,1934
40,1934
41,1934
42,1934
43,1934
44,1934
45,1934
46,1934
47,1934
48,1934
49,1934
50,1934
51,1934
52,1934
53,1934
54,1934
55,1934
56,1934
57,1934
58,1934
59,1934
60,1934
61,1934
62,1934
63,1934
64,1934
65,1934
66,1934
67,1934
68,1934
69,1934
70,1934
71,1934
72,1934
73,1934
74,1934
75,1934
76,1934
77,1934
78,1934
79,1934
80,1934
81,1934
82,1934
83,1934
84,1934
85,1934
86,1934
87,1934
88,1934
89,1934
90,1934
91,1934
92,1934
93,1934
94,1934
95,1934
96,1934
97,1934
98,1934
99,1934
100,1934
101,1934
102,1934
103,1934
104,1934
105,1934
106,1934
107,1934
108,1934
109,1934
110,1934
111,1934
112,1934
113,1934
114,1934
115,1934
116,1934
117,1934
118,1934
119,1934
120,1934
121,1934
122,1934
123,1934
124,1934
125,1934
126,1934
127,1934
128,1934
129,1934
130,1934
131,1934
132,1934
133,1934
134,1934
135,1934
136,1934
137,1934
138,1934
139,1934
140,1934
141,1934
142,1934
143,1934
144,1934
145,1934
146,1934
147,1934
148,1934
149,1934
150,1934
151,1934
152,1934
153,1934
154,1934
155,1934
156,1934
157,1934
158,1934
159,1934
160,1934
161,1934
162,1934
163,1934
164,1934
165,1934
166,1934
167,1934
168,1934
169,1934
170,1934
171,1934
172,1934
173,1934
174,1934
175,1934
176,1934
177,1934
178,1934
179,1934
180,1934
181,1934
182,1934
183,1934
184,1934
185,1934
186,1934
187,1934
188,1934
189,1934
190,1934
191,1934
192,1934
193,1934
194,1934
195,1934
196,1934
197,1934
198,1934
199,1934
200,1934
201,1934
202,1934
203,1934
204,1934
205,1934
206,1934
207,1934
208,1934
209,1934
210,1934
211,1934
212,1934
213,1934
214,1934
215,1934
216,1934
217,1934
218,1934
219,1934
220,1934
221,1934
222,1934
223,1934
224,1934
225,1934
226,1934
227,1934
228,1934
229,1934
230,1934
231,1934
232,1934
233,1934
234,1934
235,1934
236,1934
237,1934
238,1934
239,1934
240,1934
241,1934
242,1934
243,1934
244,1934
245,1934
246,1934
247,1934
248,1934
249,1934
250,1934
251,1934
252,1934
253,1934
254,1934
255,1934
256,1934
257,1934
258,1934
259,1934
260,1934
261,1934
262,1934
263,1934
264,1934
265,1934
266,1934
267,1934
268,1934
269,1934
270,1934
271,1934
272,1934
273,1934
274,1934
275,1934
276,1934
277,1934
278,1934
279,1934
280,1934
281,1934
282,1934
283,1934
284,1934
285,1934
286,1934
287,1934
288,1934
289,1934
290,1934
291,1934
292,1934
293,1934
294,1934
295,1934
296,1934
297,1934
298,1934
299,1934
300,1934
301,1934
302,1934
303,1934
304,1934
305,1934
306,1934
1,1935
2,1935
3,1935
4,1935
5,1935
6,1935
7,1935
8,1935
9,1935
10,1935
11,1935
12,1935
13,1935
14,1935
15,1935
16,1935
17,1935
18,1935
19,1935
20,1935
21,1935
22,1935
23,1935
24,1935
25,1935
26,1935
27,1935
28,1935
29,1935
30,1935
31,1935
32,1935
33,1935
34,1935
35,1935
36,1935
37,1935
38,1935
39,1935
40,1935
41,1935
42,1935
43,1935
44,1935
45,1935
46,1935
47,1935
48,1935
49,1935
50,1935
51,1935
52,1935
53,1935
54,1935
55,1935
56,1935
57,1935
58,1935
59,1935
60,1935
61,1935
62,1935
63,1935
64,1935
65,1935
66,1935
67,1935
68,1935
69,1935
70,1935
71,1935
72,1935
73,1935
74,1935
75,1935
76,1935
77,1935
78,1935
79,1935
80,1935
81,1935
82,1935
83,1935
84,1935
85,1935
86,1935
87,1935
88,1935
89,1935
90,1935
91,1935
92,1935
93,1935
94,1935
95,1935
96,1935
97,1935
98,1935
99,1935
100,1935
101,1935
102,1935
103,1935
104,1935
105,1935
106,1935
107,1935
108,1935
109,1935
110,1935
111,1935
112,1935
113,1935
114,1935
115,1935
116,1935
117,1935
118,1935
119,1935
120,1935
121,1935
122,1935
123,1935
124,1935
125,1935
126,1935
127,1935
128,1935
129,1935
130,1935
131,1935
132,1935
133,1935
134,1935
135,1935
136,1935
137,1935
138,1935
139,1935
140,1935
141,1935
142,1935
143,1935
144,1935
145,1935
146,1935
147,1935
148,1935
149,1935
150,1935
151,1935
152,1935
153,1935
154,1935
155,1935
156,1935
157,1935
158,1935
159,1935
160,1935
161,1935
162,1935
163,1935
164,1935
165,1935
166,1935
167,1935
168,1935
169,1935
170,1935
171,1935
172,1935
173,1935
174,1935
175,1935
176,1935
177,1935
178,1935
179,1935
180,1935
181,1935
182,1935
183,1935
184,1935
185,1935
186,1935
187,1935
188,1935
189,1935
190,1935
191,1935
192,1935
193,1935
194,1935
195,1935
196,1935
197,1935
198,1935
199,1935
200,1935
201,1935
202,1935
203,1935
204,1935
205,1935
206,1935
207,1935
208,1935
209,1935
210,1935
211,1935
212,1935
213,1935
214,1935
215,1935
216,1935
217,1935
218,1935
219,1935
220,1935
221,1935
222,1935
223,1935
224,1935
225,1935
226,1935
227,1935
228,1935
229,1935
230,1935
231,1935
232,1935
233,1935
234,1935
235,1935
236,1935
237,1935
238,1935
239,1935
240,1935
241,1935
242,1935
243,1935
244,1935
245,1935
246,1935
247,1935
248,1935
249,1935
250,1935
251,1935
252,1935
253,1935
254,1935
255,1935
256,1935
257,1935
258,1935
259,1935
260,1935
261,1935
262,1935
263,1935
264,1935
265,1935
266,1935
267,1935
268,1935
269,1935
270,1935
271,1935
272,1935
273,1935
274,1935
275,1935
276,1935
277,1935
278,1935
279,1935
280,1935
281,1935
282,1935
283,1935
284,1935
285,1935
286,1935
287,1935
288,1935
289,1935
290,1935
291,1935
292,1935
293,1935
294,1935
295,1935
296,1935
297,1935
298,1935
299,1935
300,1935
301,1935
302,1935
303,1935
304,1935
305,1935
306,1935
307,1935
308,1935
309,1935
310,1935
311,1935
312,1935
313,1935
314,1935
315,1935
316,1935
317,1935
318,1935
319,1935
320,1935
321,1935
322,1935
323,1935
324,1935
325,1935
326,1935
327,1935
328,1935
329,1935
330,1935
331,1935
332,1935
333,1935
334,1935
335,1935
336,1935
337,1935
338,1935
339,1935
340,1935
341,1935
342,1935
343,1935
344,1935
345,1935
346,1935
347,1935
348,1935
349,1935
350,1935
1,1936
2,1936
3,1936
4,1936
5,1936
6,1936
7,1936
8,1936
9,1936
10,1936
11,1936
12,1936
13,1936
14,1936
15,1936
16,1936
17,1936
18,1936
19,1936
20,1936
21,1936
22,1936
23,1936
24,1936
25,1936
26,1936
27,1936
28,1936
29,1936
30,1936
31,1936
32,1936
33,1936
34,1936
35,1936
36,1936
37,1936
38,1936
39,1936
40,1936
41,1936
42,1936
43,1936
44,1936
45,1936
46,1936
47,1936
48,1936
49,1936
50,1936
51,1936
52,1936
53,1936
54,1936
55,1936
56,1936
57,1936
58,1936
59,1936
60,1936
61,1936
62,1936
63,1936
64,1936
65,1936
66,1936
67,1936
68,1936
69,1936
70,1936
71,1936
72,1936
73,1936
74,1936
75,1936
76,1936
77,1936
78,1936
79,1936
80,1936
81,1936
82,1936
83,1936
84,1936
85,1936
86,1936
87,1936
88,1936
89,1936
90,1936
91,1936
92,1936
93,1936
94,1936
95,1936
96,1936
97,1936
98,1936
99,1936
100,1936
101,1936
102,1936
103,1936
104,1936
105,1936
106,1936
107,1936
108,1936
109,1936
110,1936
111,1936
112,1936
113,1936
114,1936
115,1936
116,1936
117,1936
118,1936
119,1936
120,1936
121,1936
122,1936
123,1936
124,1936
125,1936
126,1936
127,1936
128,1936
129,1936
130,1936
131,1936
132,1936
133,1936
134,1936
135,1936
136,1936
137,1936
138,1936
139,1936
140,1936
141,1936
142,1936
143,1936
144,1936
145,1936
146,1936
147,1936
148,1936
149,1936
150,1936
151,1936
152,1936
153,1936
154,1936
155,1936
156,1936
157,1936
158,1936
159,1936
160,1936
161,1936
162,1936
163,1936
164,1936
165,1936
166,1936
167,1936
168,1936
169,1936
170,1936
171,1936
172,1936
173,1936
174,1936
175,1936
176,1936
177,1936
178,1936
179,1936
180,1936
181,1936
182,1936
183,1936
184,1936
185,1936
186,1936
187,1936
188,1936
189,1936
190,1936
191,1936
192,1936
193,1936
194,1936
195,1936
196,1936
197,1936
198,1936
199,1936
200,1936
201,1936
202,1936
203,1936
204,1936
205,1936
206,1936
207,1936
208,1936
209,1936
210,1936
211,1936
212,1936
213,1936
214,1936
215,1936
216,1936
217,1936
218,1936
219,1936
220,1936
221,1936
222,1936
223,1936
224,1936
225,1936
226,1936
227,1936
228,1936
229,1936
230,1936
231,1936
232,1936
233,1936
234,1936
235,1936
236,1936
237,1936
238,1936
239,1936
240,1936
241,1936
242,1936
243,1936
244,1936
245,1936
246,1936
247,1936
248,1936
249,1936
250,1936
251,1936
252,1936
253,1936
254,1936
255,1936
256,1936
257,1936
258,1936
259,1936
260,1936
261,1936
262,1936
263,1936
264,1936
265,1936
266,1936
267,1936
268,1936
269,1936
270,1936
271,1936
272,1936
273,1936
274,1936
275,1936
276,1936
277,1936
278,1936
279,1936
280,1936
281,1936
282,1936
283,1936
284,1936
285,1936
286,1936
287,1936
288,1936
289,1936
290,1936
291,1936
292,1936
293,1936
294,1936
295,1936
296,1936
297,1936
298,1936
299,1936
300,1936
301,1936
302,1936
303,1936
304,1936
305,1936
306,1936
307,1936
308,1936
309,1936
310,1936
311,1936
312,1936
313,1936
314,1936
315,1936
316,1936
317,1936
318,1936
319,1936
320,1936
321,1936
322,1936
323,1936
324,1936
325,1936
326,1936
327,1936
328,1936
329,1936
330,1936
331,1936
332,1936
333,1936
334,1936
335,1936
336,1936
337,1936
338,1936
339,1936
1,1939